<?xml version="1.0" encoding="UTF-8"?>
<rss version="2.0" xmlns:ror="http://rorweb.com/0.1/" >
<channel>
  <title>ROR Sitemap for http://namlinhchinagao.com/</title>
  <link>http://namlinhchinagao.com/</link>

<item>
     <link>http://namlinhchinagao.com/</link>
     <title>Nam linh Chi Nagao bao ve suc khoe - lam dep cuoc song</title>
     <description>Uong nam linh chi moi ngay de bao ve suc khoe cua ban - nam linh chi day lui benh tat, ngan ngua ung thu, on dinh huyet ap, lam dep lan da cua ban.</description>
     <ror:updatePeriod>weekly</ror:updatePeriod>
     <ror:sortOrder>0</ror:sortOrder>
     <ror:resourceOf>sitemap</ror:resourceOf>
</item>
<item>
     <link>http://namlinhchinagao.com/don-hang/</link>
     <title>Don hang nam Linh Chi NAGAO</title>
     <description>Dat mua nam Linh Chi NAGAO de bao ve suc khoe gia dinh ban</description>
     <ror:updatePeriod>weekly</ror:updatePeriod>
     <ror:sortOrder>1</ror:sortOrder>
     <ror:resourceOf>sitemap</ror:resourceOf>
</item>
<item>
     <link>http://namlinhchinagao.com/cua-hang-linh-chi/</link>
     <title>Cua hang nam linh chi NAGAO - nam linh chi lam dep co the ban</title>
     <description>Nam linh chi NAGAO bao ve gan khoi gan nhiem mo, giam mo mau, dieu hoa huyet ap. Ty le Polysaccharide duoc xet nghiem tai Nhat </description>
     <ror:updatePeriod>weekly</ror:updatePeriod>
     <ror:sortOrder>1</ror:sortOrder>
     <ror:resourceOf>sitemap</ror:resourceOf>
</item>
<item>
     <link>http://namlinhchinagao.com/chung-toi/</link>
     <title>Thong tin ve NAGAO</title>
     <description>Thong tin so luoc ve co so nam linh chi NAGAO, san pham bao ve suc khoe, ngan ngua ung thu, lam dep co the, lan da cua ban.</description>
     <ror:updatePeriod>weekly</ror:updatePeriod>
     <ror:sortOrder>1</ror:sortOrder>
     <ror:resourceOf>sitemap</ror:resourceOf>
</item>
<item>
     <link>http://namlinhchinagao.com/lien-he/</link>
     <title>Lien he nam linh chi NAGAO</title>
     <description>Lien he nam linh chi NAGAO de duoc tu van ve san pham, cach su dung nam linh chi.</description>
     <ror:updatePeriod>weekly</ror:updatePeriod>
     <ror:sortOrder>1</ror:sortOrder>
     <ror:resourceOf>sitemap</ror:resourceOf>
</item>
<item>
     <link>http://namlinhchinagao.com/news/</link>
     <title>Tin tuc cap nhat ve nam linh chi NAGAO</title>
     <description>Tin tuc cap nhat ve nam linh chi NAGAO, su dung nam linh chi hang ngay de lam dep co the va bao ve suc khoe cua gia dinh ban.</description>
     <ror:updatePeriod>weekly</ror:updatePeriod>
     <ror:sortOrder>1</ror:sortOrder>
     <ror:resourceOf>sitemap</ror:resourceOf>
</item>
<item>
     <link>http://namlinhchinagao.com/news/tac-dung-cua-nam-linh-chi-len-suc-khoe/</link>
     <title>TAC DUNG CUA NAM LINH CHI LEN SUC KHOE - Nam linh chi NAGAO giu gin suc khoe</title>
     <description>LỢI ÍCH SUC KHOE CỦA NẤM LINH CHI - tac dung cua nam linh chi len suc khoe - Nam linh chi NAGAO giu gin suc khoe</description>
     <ror:updatePeriod>weekly</ror:updatePeriod>
     <ror:sortOrder>1</ror:sortOrder>
     <ror:resourceOf>sitemap</ror:resourceOf>
</item>
<item>
     <link>http://namlinhchinagao.com/news/ban-xet-nghiem-nam-linh-chi-nagao-tai-sgs-ngay-01-03-2016/</link>
     <title>Bản xét nghiệm nấm linh chi NAGAO tại SGS ngày 01/03/2016 - Nam linh chi NAGAO giu gin suc khoe</title>
     <description>Xét nghiệm nấm linh chi NAGAO tại SGS ngày 01/03/2016 - Nam linh chi NAGAO giu gin suc khoe</description>
     <ror:updatePeriod>weekly</ror:updatePeriod>
     <ror:sortOrder>1</ror:sortOrder>
     <ror:resourceOf>sitemap</ror:resourceOf>
</item>
<item>
     <link>http://namlinhchinagao.com/news/benh-tieu-duong-2/</link>
     <title>Benh tieu duong - Nam linh chi NAGAO giu gin suc khoe</title>
     <description>tac dung cua nam linh chi len benh tieu duong, khong nhu Insulin, nam linh chi cai thien tuyen tuy, bao ve than, tang kha nang tiet Insulin cua co the - Nam linh chi NAGAO giu gin suc khoe</description>
     <ror:updatePeriod>weekly</ror:updatePeriod>
     <ror:sortOrder>1</ror:sortOrder>
     <ror:resourceOf>sitemap</ror:resourceOf>
</item>
<item>
     <link>http://namlinhchinagao.com/news/hoat-dong-hai-nam-linh-chi-ngay-19-02/</link>
     <title>Hoạt động hái nấm linh chi ngày 19/02 - Nam linh chi NAGAO giu gin suc khoe</title>
     <description>Hai nam linh chi tai trang trai NAGAO - Nam linh chi NAGAO giu gin suc khoe</description>
     <ror:updatePeriod>weekly</ror:updatePeriod>
     <ror:sortOrder>1</ror:sortOrder>
     <ror:resourceOf>sitemap</ror:resourceOf>
</item>
<item>
     <link>http://namlinhchinagao.com/faqs/</link>
     <title>FAQs Cac cau hoi ve nam linh chi NAGAO</title>
     <description>FAQs Cac cau hoi thuong gap ve san pham va dich vu ban hang cua NAGAO</description>
     <ror:updatePeriod>weekly</ror:updatePeriod>
     <ror:sortOrder>1</ror:sortOrder>
     <ror:resourceOf>sitemap</ror:resourceOf>
</item>
<item>
     <link>http://namlinhchinagao.com/chinh-sach-ban-hang/</link>
     <title>Chinh sach ban hang nam linh Chi Nagao</title>
     <description>Chinh sach ban hang nam linh chi NAGAO.</description>
     <ror:updatePeriod>weekly</ror:updatePeriod>
     <ror:sortOrder>1</ror:sortOrder>
     <ror:resourceOf>sitemap</ror:resourceOf>
</item>
<item>
     <link>http://namlinhchinagao.com/ho-tro/</link>
     <title>Ho tro - Nam linh Chi Nagao</title>
     <description>Dich vu ho tro cua nam linh chi NAGAO.</description>
     <ror:updatePeriod>weekly</ror:updatePeriod>
     <ror:sortOrder>1</ror:sortOrder>
     <ror:resourceOf>sitemap</ror:resourceOf>
</item>
<item>
     <link>http://namlinhchinagao.com/dai-ly/</link>
     <title>Dai ly NAGAO</title>
     <description>Danh sach dai ly cua nam linh chi NAGAO.</description>
     <ror:updatePeriod>weekly</ror:updatePeriod>
     <ror:sortOrder>1</ror:sortOrder>
     <ror:resourceOf>sitemap</ror:resourceOf>
</item>
<item>
     <link>http://namlinhchinagao.com/sitemap.html</link>
     <title>Site Map  Page 1 - Generated by www.xml-sitemaps.com</title>
     <description>Sitemap cua nam linh chi NAGAO - Uong nam linh chi moi ngay de bao ve suc khoe cua ban</description>
     <ror:updatePeriod>weekly</ror:updatePeriod>
     <ror:sortOrder>1</ror:sortOrder>
     <ror:resourceOf>sitemap</ror:resourceOf>
</item>
<item>
     <link>http://namlinhchinagao.com/namlinhchinagao.php?Action=1</link>
     <title>Nam Linh Chi - NAGAO REISHI</title>
     <description>nam linh chi</description>
     <ror:updatePeriod>weekly</ror:updatePeriod>
     <ror:sortOrder>1</ror:sortOrder>
     <ror:resourceOf>sitemap</ror:resourceOf>
</item>
<item>
     <link>http://namlinhchinagao.com/namlinhchinagao.php?Action=2&amp;k=ung-thu-vom-hong</link>
     <title>Ung Thu Vom Hong - NAGAO REISHI</title>
     <description>ung thu vom hong</description>
     <ror:updatePeriod>weekly</ror:updatePeriod>
     <ror:sortOrder>1</ror:sortOrder>
     <ror:resourceOf>sitemap</ror:resourceOf>
</item>
<item>
     <link>http://namlinhchinagao.com/picture/XetnghiemJapan.pdf</link>
     <title></title>
     
     <ror:updatePeriod>weekly</ror:updatePeriod>
     <ror:sortOrder>2</ror:sortOrder>
     <ror:resourceOf>sitemap</ror:resourceOf>
</item>
<item>
     <link>http://namlinhchinagao.com/picture/xetnghiemJapanVIETNAMESE.pdf</link>
     <title></title>
     
     <ror:updatePeriod>weekly</ror:updatePeriod>
     <ror:sortOrder>2</ror:sortOrder>
     <ror:resourceOf>sitemap</ror:resourceOf>
</item>
<item>
     <link>http://namlinhchinagao.com/news/ung-thu-vom-hong/</link>
     <title>ung thu vom hong - Nam linh chi NAGAO giu gin suc khoe</title>
     <description>nam linh chi chua ung thu co tu cung, ung thu vom hong, ung thu vu, ung thu phoi, ung thu da day, ung thu mau, ung thu tuyen giap - Nam linh chi NAGAO giu gin suc khoe</description>
     <ror:updatePeriod>weekly</ror:updatePeriod>
     <ror:sortOrder>2</ror:sortOrder>
     <ror:resourceOf>sitemap</ror:resourceOf>
</item>
<item>
     <link>http://namlinhchinagao.com/news/tham-be-hoang-quoc-linh-vua-mo-tim/</link>
     <title>Thăm bé Hoàng Quốc Linh vừa mổ tim - Nam linh chi NAGAO giu gin suc khoe</title>
     <description>Nam linh chi NAGAO tham be Hoang Quoc Linh mo tim - Nam linh chi NAGAO giu gin suc khoe</description>
     <ror:updatePeriod>weekly</ror:updatePeriod>
     <ror:sortOrder>2</ror:sortOrder>
     <ror:resourceOf>sitemap</ror:resourceOf>
</item>
<item>
     <link>http://namlinhchinagao.com/news/dieu-chinh-gia-ban-sau-tet-binh-than/</link>
     <title>Điều chỉnh giá bán sau Tết Bính Thân - Nam linh chi NAGAO giu gin suc khoe</title>
     <description>Nam linh chi NAGAO dieu chinh gia ban le - Nam linh chi NAGAO giu gin suc khoe</description>
     <ror:updatePeriod>weekly</ror:updatePeriod>
     <ror:sortOrder>2</ror:sortOrder>
     <ror:resourceOf>sitemap</ror:resourceOf>
</item>
<item>
     <link>http://namlinhchinagao.com/news/van-hanh-lo-say-nang-luong-mat-troi/</link>
     <title>Vận hành lò sấy năng lượng mặt trời - Nam linh chi NAGAO giu gin suc khoe</title>
     <description>Lò sấy năng lượng mặt trời NAGAO - Nam linh chi NAGAO giu gin suc khoe</description>
     <ror:updatePeriod>weekly</ror:updatePeriod>
     <ror:sortOrder>2</ror:sortOrder>
     <ror:resourceOf>sitemap</ror:resourceOf>
</item>
<item>
     <link>http://namlinhchinagao.com/news/tham-va-dong-vien-cac-gia-dinh-don-tet-duong-lich-2016/</link>
     <title>Thăm và động viên các gia đình đón Tết dương lịch 2016 - Nam linh chi NAGAO giu gin suc khoe</title>
     <description>Nấm Linh Chi NAGAO thăm các các gia đình ở Huế - Nam linh chi NAGAO giu gin suc khoe</description>
     <ror:updatePeriod>weekly</ror:updatePeriod>
     <ror:sortOrder>2</ror:sortOrder>
     <ror:resourceOf>sitemap</ror:resourceOf>
</item>
<item>
     <link>http://namlinhchinagao.com/news/nam-linh-chi/</link>
     <title>nam linh chi - Nam linh chi NAGAO giu gin suc khoe</title>
     <description>tac dung cua nam linh chi, nang cao sinh luc, chong ung thu - Nam linh chi NAGAO giu gin suc khoe</description>
     <ror:updatePeriod>weekly</ror:updatePeriod>
     <ror:sortOrder>2</ror:sortOrder>
     <ror:resourceOf>sitemap</ror:resourceOf>
</item>
<item>
     <link>http://namlinhchinagao.com/news/chuong-trinh-tri-an-khach-hang-nagao/</link>
     <title>Chương trình tri ân khách hàng NAGAO - Nam linh chi NAGAO giu gin suc khoe</title>
     <description>Chuong trinh danh cho khach hang dang su dung linh chi NAGAO - Nam linh chi NAGAO giu gin suc khoe</description>
     <ror:updatePeriod>weekly</ror:updatePeriod>
     <ror:sortOrder>2</ror:sortOrder>
     <ror:resourceOf>sitemap</ror:resourceOf>
</item>
<item>
     <link>http://namlinhchinagao.com/news/chuong-trinh-gay-quy-chung-mot-tam-long/</link>
     <title>Chương trình gây quỹ CHUNG MỘT TẤM LÒNG - Nam linh chi NAGAO giu gin suc khoe</title>
     <description>Linh Chi NAGAO dong tai tro chuong trinh gay quy CHUNG MOT TAM LONG - Nam linh chi NAGAO giu gin suc khoe</description>
     <ror:updatePeriod>weekly</ror:updatePeriod>
     <ror:sortOrder>2</ror:sortOrder>
     <ror:resourceOf>sitemap</ror:resourceOf>
</item>
<item>
     <link>http://namlinhchinagao.com/news/tham-tinh-truc-gia-phuong-thuy-xuan/</link>
     <title>Thăm Tịnh Trúc Gia - Phường Thủy Xuân - Nam linh chi NAGAO giu gin suc khoe</title>
     <description>Linh Chi NAGAO tham Tinh Truc Gia Phuong Thuy Xuan Hue - Nam linh chi NAGAO giu gin suc khoe</description>
     <ror:updatePeriod>weekly</ror:updatePeriod>
     <ror:sortOrder>2</ror:sortOrder>
     <ror:resourceOf>sitemap</ror:resourceOf>
</item>
<item>
     <link>http://namlinhchinagao.com/news/nagao-tham-va-tang-qua-truong-mam-non-ngu-binh-hue-2/</link>
     <title>NAGAO thăm và tặng quà trường mầm non Ngự Bình - Huế - Nam linh chi NAGAO giu gin suc khoe</title>
     <description>Linh Chi NAGAO tham truong mam non Ngu Binh - Nam linh chi NAGAO giu gin suc khoe</description>
     <ror:updatePeriod>weekly</ror:updatePeriod>
     <ror:sortOrder>2</ror:sortOrder>
     <ror:resourceOf>sitemap</ror:resourceOf>
</item>
<item>
     <link>http://namlinhchinagao.com/news/tham-trai-tre-mo-coi-duc-son-hue/</link>
     <title>Thăm trại trẻ mồ côi Đức Sơn - Huế - Nam linh chi NAGAO giu gin suc khoe</title>
     <description>Linh Chi NAGAO tham trai tre mo coi Duc Son - Nam linh chi NAGAO giu gin suc khoe</description>
     <ror:updatePeriod>weekly</ror:updatePeriod>
     <ror:sortOrder>2</ror:sortOrder>
     <ror:resourceOf>sitemap</ror:resourceOf>
</item>
<item>
     <link>http://namlinhchinagao.com/news/archivio.php?&amp;start=15</link>
     <title>Tin tuc cap nhat ve nam linh chi NAGAO</title>
     <description>Tin tuc cap nhat ve nam linh chi NAGAO, su dung nam linh chi hang ngay de lam dep co the va bao ve suc khoe cua gia dinh ban.</description>
     <ror:updatePeriod>weekly</ror:updatePeriod>
     <ror:sortOrder>2</ror:sortOrder>
     <ror:resourceOf>sitemap</ror:resourceOf>
</item>
<item>
     <link>http://namlinhchinagao.com/namlinhchinagao.php?Action=1&amp;k=linh-chi-dieu-tri-cao-huyet-ap&amp;PageID=218463</link>
     <title>Linh Chi Dieu Tri Cao Huyet Ap - NAGAO REISHI</title>
     <description>Linh Chi dieu tri Cao huyet ap - Nấm linh chi được sử dụng để tăng sức mạnh của hệ thống miễn dịch, tang cuong suc khoe; chống lại c&amp;aacute;c bệnh nhiễm virus như c&amp;uacute;m, c&amp;uacute;m heo, c&amp;uacute;m chim; C&amp;aacute;c bệnh về phổi như hen xuyễn, vi&amp;ecirc;m phế quản; Bệnh tim v&amp;agrave; c&amp;aacute;c triệu chứng như huyết &amp;aacute;p cao, cholesterol cao;</description>
     <ror:updatePeriod>weekly</ror:updatePeriod>
     <ror:sortOrder>2</ror:sortOrder>
     <ror:resourceOf>sitemap</ror:resourceOf>
</item>
<item>
     <link>http://namlinhchinagao.com/namlinhchinagao.php?Action=2&amp;k=nam-linh-chi</link>
     <title>Nam Linh Chi - NAGAO REISHI</title>
     <description>nam linh chi</description>
     <ror:updatePeriod>weekly</ror:updatePeriod>
     <ror:sortOrder>2</ror:sortOrder>
     <ror:resourceOf>sitemap</ror:resourceOf>
</item>
<item>
     <link>http://namlinhchinagao.com/news/nam-linh-chi-la-gi/</link>
     <title>Nấm Linh Chi là gì? - Nam linh chi NAGAO giu gin suc khoe</title>
     <description>Tác dụng cơ bản nhất của nấm linh chi là hồi phục cơ thể về trạng thái tự nhiên từ gan, thận đến hệ thần kinh, hệ tiêu hóa ... - Nam linh chi NAGAO giu gin suc khoe</description>
     <ror:updatePeriod>weekly</ror:updatePeriod>
     <ror:sortOrder>3</ror:sortOrder>
     <ror:resourceOf>sitemap</ror:resourceOf>
</item>
<item>
     <link>http://namlinhchinagao.com/news/archivio.php?&amp;start=0</link>
     <title>Tin tuc cap nhat ve nam linh chi NAGAO</title>
     <description>Tin tuc cap nhat ve nam linh chi NAGAO, su dung nam linh chi hang ngay de lam dep co the va bao ve suc khoe cua gia dinh ban.</description>
     <ror:updatePeriod>weekly</ror:updatePeriod>
     <ror:sortOrder>3</ror:sortOrder>
     <ror:resourceOf>sitemap</ror:resourceOf>
</item>
</channel>
</rss>
  